Metric,Value
MSE,6.611731404573954
RMSE,2.5713287235540214
MAE,1.9463528749329158
R2,0.9998646914091646
