Metric,Value
MSE,124.71707916259766
RMSE,11.167680115520755
MAE,0.8173139691352844
MAPE(%),73202225.0
MaxAbsError,509.789306640625
R2,0.9975890581246044
RelL2,0.03611292317509651
RelL2_norm,0.03611293062567711
