Metric,Value
MSE,0.009970590573310328
RMSE,0.09985284459298256
MAE,0.032904406837328426
R2,0.5236326778918675
