Metric,Value
MSE,0.0036461501429682743
RMSE,0.060383359818482064
MAE,0.03794320864203318
R2,0.8260261507834339
