Metric,Value
MSE,0.001932183191658932
RMSE,0.04395660577955186
MAE,0.0048139851015868715
MAPE(%),1.2015393338164895
MaxAbsError,0.8425915927205629
R2,0.9745483083022164
RelL2,0.07468793195577428
